,ID,Name,City,Country,IATA,Lat,Long,population,source_airport,flights_per_month,flights_coefficient
0,3411,Barter Island LRRS Airport,Barter Island,United States,BTI,70.13400268550001,-143.582000732,9121.0,BTI,27.0,337.81010657086927
1,3413,Cape Lisburne LRRS Airport,Cape Lisburne,United States,LUR,68.87509918,-166.1100006,1352.0,LUR,4.0,337.81010657086927
2,3414,Point Lay LRRS Airport,Point Lay,United States,PIZ,69.73290253,-163.00500490000005,9121.0,PIZ,27.0,337.81010657086927
3,3415,Hilo International Airport,Hilo,United States,ITO,19.721399307250977,-155.04800415039062,43263.0,ITO,634.0,337.81010657086927
5,3417,Bettles Airport,Bettles,United States,BTT,66.91390228,-151.529007,10473.0,BTT,31.0,337.81010657086927
7,3420,Fort Yukon Airport,Fort Yukon,United States,FYU,66.57150268554689,-145.25,114180.0,FYU,338.0,337.81010657086927
13,3426,St Paul Island Airport,St. Paul Island,United States,SNP,57.16730117797852,-170.22000122070312,9459.0,SNP,28.0,337.81010657086927
17,3430,Platinum Airport,Port Moller,United States,PTU,59.01139831542969,-161.82000732421875,18242.0,PTU,54.0,337.81010657086927
23,3437,Fort Smith Regional Airport,Fort Smith,United States,FSM,35.33660125732422,-94.36740112304688,88194.0,FSM,176.0,337.81010657086927
28,3442,Grand Forks International Airport,Grand Forks,United States,GFK,47.949298999999996,-97.176102,57011.0,GFK,98.0,337.81010657086927
31,3445,Hana Airport,Hana,United States,HNM,20.79560089111328,-156.01400756835938,21283.0,HNM,63.0,337.81010657086927
32,3446,Ernest A. Love Field,Prescott,United States,PRC,34.65449905,-112.41999820000001,41899.0,PRC,30.0,337.81010657086927
33,3447,Trenton Mercer Airport,Trenton,United States,TTN,40.27669906616211,-74.8134994506836,84225.0,TTN,70.0,337.81010657086927
34,3448,General Edward Lawrence Logan International Airport,Boston,United States,BOS,42.36429977,-71.00520325,667137.0,BOS,14359.0,337.81010657086927
40,3454,Eppley Airfield,Omaha,United States,OMA,41.3032,-95.89409599999999,443885.0,OMA,2781.0,337.81010657086927
41,3456,Kahului Airport,Kahului,United States,OGG,20.8986,-156.429993,26337.0,OGG,6160.0,337.81010657086927
42,3457,Wichita Eisenhower National Airport,Wichita,United States,ICT,37.649899,-97.433098,389965.0,ICT,1098.0,337.81010657086927
43,3458,Kansas City International Airport,Kansas City,United States,MCI,39.2976,-94.713898,475378.0,MCI,5905.0,337.81010657086927
44,3459,Dane County Regional Truax Field,Madison,United States,MSN,43.13990020751953,-89.3375015258789,248951.0,MSN,1105.0,337.81010657086927
45,3460,Dillingham Airport,Dillingham,United States,DLG,59.04470062,-158.50500490000005,20269.0,DLG,60.0,337.81010657086927
46,3461,Boone County Airport,Harrison,United States,HRO,36.26150131225586,-93.15470123291016,28348.0,HRO,27.0,337.81010657086927
47,3462,Phoenix Sky Harbor International Airport,Phoenix,United States,PHX,33.43429946899414,-112.01200103759766,1563025.0,PHX,33465.0,337.81010657086927
48,3463,Bangor International Airport,Bangor,United States,BGR,44.80739974975586,-68.82810211181639,32391.0,BGR,201.0,337.81010657086927
50,3465,East Texas Regional Airport,Longview,United States,GGG,32.38399887084961,-94.71150207519531,82287.0,GGG,144.0,337.81010657086927
52,3467,Spokane International Airport,Spokane,United States,GEG,47.61989974975586,-117.53399658203124,213272.0,GEG,1814.0,337.81010657086927
54,3469,San Francisco International Airport,San Francisco,United States,SFO,37.61899948120117,-122.375,864816.0,SFO,22220.0,337.81010657086927
57,3472,Gainesville Regional Airport,Gainesville,United States,GNV,29.6900997162,-82.27179718020001,130128.0,GNV,644.0,337.81010657086927
58,3473,Memphis International Airport,Memphis,United States,MEM,35.04240036010742,-89.97669982910156,655770.0,MEM,3974.0,337.81010657086927
69,3484,Los Angeles International Airport,Los Angeles,United States,LAX,33.94250107,-118.40799709999999,3971883.0,LAX,53572.0,337.81010657086927
71,3486,Cleveland Hopkins International Airport,Cleveland,United States,CLE,41.411701202399996,-81.8498001099,388072.0,CLE,4537.0,337.81010657086927
73,3488,Cincinnati Northern Kentucky International Airport,Cincinnati,United States,CVG,39.0488014221,-84.6678009033,296943.0,CVG,4629.0,337.81010657086927
76,3492,Juneau International Airport,Juneau,United States,JNU,58.35499954223633,-134.57600402832028,32756.0,JNU,694.0,337.81010657086927
77,3493,Lafayette Regional Airport,Lafayette,United States,LFT,30.20529938,-91.98760223,127657.0,LFT,704.0,337.81010657086927
78,3494,Newark Liberty International Airport,Newark,United States,EWR,40.69250106811523,-74.168701171875,281944.0,EWR,12039.0,337.81010657086927
79,3495,Boise Air Terminal/Gowen Field,Boise,United States,BOI,43.5644,-116.223,145987.0,BOI,2204.0,337.81010657086927
81,3497,Garden City Regional Airport,Garden City,United States,GCK,37.9275016785,-100.72399902299999,27005.0,GCK,116.0,337.81010657086927
82,3498,Minot International Airport,Minot,United States,MOT,48.2593994140625,-101.27999877929688,49450.0,MOT,287.0,337.81010657086927
85,3502,Dallas Love Field,Dallas,United States,DAL,32.847099,-96.851799,1300092.0,DAL,3284.0,337.81010657086927
87,3504,Helena Regional Airport,Helena,United States,HLN,46.6068000793457,-111.98300170898438,30581.0,HLN,134.0,337.81010657086927
95,3513,Lake Charles Regional Airport,Lake Charles,United States,LCH,30.12610054016113,-93.22329711914062,76070.0,LCH,55.0,337.81010657086927
96,3514,Ellison Onizuka Kona International At Keahole Airport,Kona,United States,KOA,19.738782999999998,-156.045603,691160.0,KOA,2046.0,337.81010657086927
97,3515,Myrtle Beach International Airport,Myrtle Beach,United States,MYR,33.6796989441,-78.9282989502,31035.0,MYR,1229.0,337.81010657086927
99,3517,Nantucket Memorial Airport,Nantucket,United States,ACK,41.25310135,-70.06020355,7446.0,ACK,434.0,337.81010657086927
102,3520,Ronald Reagan Washington National Airport,Washington,United States,DCA,38.8521,-77.037697,601723.0,DCA,7918.0,337.81010657086927
106,3524,Atlantic City International Airport,Atlantic City,United States,ACY,39.45759963989258,-74.57720184326172,39260.0,ACY,147.0,337.81010657086927
109,3527,Pueblo Memorial Airport,Pueblo,United States,PUB,38.289100646972656,-104.49700164794922,109412.0,PUB,53.0,337.81010657086927
112,3531,Kodiak Airport,Kodiak,United States,ADQ,57.75,-152.4940033,6253.0,ADQ,158.0,337.81010657086927
114,3533,Fort Lauderdale Hollywood International Airport,Fort Lauderdale,United States,FLL,26.072599,-80.152702,178590.0,FLL,16022.0,337.81010657086927
115,3535,Falls International Airport,International Falls,United States,INL,48.566200256347656,-93.4030990600586,6158.0,INL,53.0,337.81010657086927
116,3536,Salt Lake City International Airport,Salt Lake City,United States,SLC,40.78839874267578,-111.97799682617188,192672.0,SLC,18301.0,337.81010657086927
122,3542,Harrisburg International Airport,Harrisburg,United States,MDT,40.1935005188,-76.7633972168,49081.0,MDT,1051.0,337.81010657086927
123,3543,Lincoln Airport,Lincoln,United States,LNK,40.85100173950195,-96.75920104980469,277348.0,LNK,97.0,337.81010657086927
124,3544,Capital City Airport,Lansing,United States,LAN,42.77870178222656,-84.58740234375,115056.0,LAN,148.0,337.81010657086927
125,3545,Waimea Kohala Airport,Kamuela,United States,MUE,20.001300811767575,-155.66799926757812,20945.0,MUE,62.0,337.81010657086927
130,3550,George Bush Intercontinental Houston Airport,Houston,United States,IAH,29.98439979553223,-95.34140014648438,2296224.0,IAH,16787.0,337.81010657086927
136,3558,Meadows Field,Bakersfield,United States,BFL,35.43360138,-119.0569992,373640.0,BFL,173.0,337.81010657086927
137,3559,El Paso International Airport,El Paso,United States,ELP,31.80719948,-106.37799840000002,681124.0,ELP,1418.0,337.81010657086927
138,3560,Valley International Airport,Harlingen,United States,HRL,26.228500366210927,-97.65440368652344,65774.0,HRL,211.0,337.81010657086927
139,3561,Columbia Metropolitan Airport,Columbia,United States,CAE,33.93880081176758,-81.11949920654297,133803.0,CAE,1329.0,337.81010657086927
142,3564,Pensacola Regional Airport,Pensacola,United States,PNS,30.473400115967003,-87.18659973144501,53193.0,PNS,1882.0,337.81010657086927
144,3566,William P Hobby Airport,Houston,United States,HOU,29.64539909,-95.27890015,2296224.0,HOU,6349.0,337.81010657086927
148,3570,Pittsburgh International Airport,Pittsburgh,United States,PIT,40.49150085,-80.23290253,304391.0,PIT,4280.0,337.81010657086927
149,3571,Wiley Post Will Rogers Memorial Airport,Barrow,United States,BRW,71.285402,-156.766008,4384.0,BRW,138.0,337.81010657086927
154,3576,Miami International Airport,Miami,United States,MIA,25.79319953918457,-80.29060363769531,441003.0,MIA,15219.0,337.81010657086927
155,3577,Seattle Tacoma International Airport,Seattle,United States,SEA,47.449001,-122.308998,684451.0,SEA,30265.0,337.81010657086927
156,3578,Lovell Field,Chattanooga,United States,CHA,35.03530120849609,-85.20379638671875,176588.0,CHA,1504.0,337.81010657086927
158,3580,Jackson-Medgar Wiley Evers International Airport,Jackson,United States,JAN,32.3111991882,-90.0758972168,170674.0,JAN,1176.0,337.81010657086927
160,3582,Long Beach /Daugherty Field/ Airport,Long Beach,United States,LGB,33.81769943,-118.15200039999999,474140.0,LGB,748.0,337.81010657086927
163,3585,Indianapolis International Airport,Indianapolis,United States,IND,39.7173,-86.294403,829718.0,IND,5929.0,337.81010657086927
167,3589,Westchester County Airport,White Plains,United States,HPN,41.06700134277344,-73.70760345458984,58459.0,HPN,454.0,337.81010657086927
169,3591,Jonesboro Municipal Airport,Jonesboro,United States,JBR,35.83169937133789,-90.64640045166016,73907.0,JBR,79.0,337.81010657086927
174,3596,Yuma MCAS/Yuma International Airport,Yuma,United States,YUM,32.65660095,-114.6060028,94139.0,YUM,196.0,337.81010657086927
175,3597,Cavern City Air Terminal,Carlsbad,United States,CNM,32.337501525878906,-104.26300048828124,113453.0,CNM,52.0,337.81010657086927
176,3598,Duluth International Airport,Duluth,United States,DLH,46.8420982361,-92.19360351559999,86110.0,DLH,175.0,337.81010657086927
177,3599,Bethel Airport,Bethel,United States,BET,60.77980042,-161.8379974,9549.0,BET,580.0,337.81010657086927
182,3604,Havre City County Airport,Havre,United States,HVR,48.54299927,-109.762001,9834.0,HVR,62.0,337.81010657086927
185,3608,Richmond International Airport,Richmond,United States,RIC,37.50519943237305,-77.3197021484375,220289.0,RIC,3108.0,337.81010657086927
186,3609,Shreveport Regional Airport,Shreveport,United States,SHV,32.446602,-93.8256,197204.0,SHV,718.0,337.81010657086927
187,3610,Merle K (Mudhole) Smith Airport,Cordova,United States,CDV,60.49179839999999,-145.4779968,30403.0,CDV,90.0,337.81010657086927
188,3611,Norfolk International Airport,Norfolk,United States,ORF,36.89459991455078,-76.20120239257812,246393.0,ORF,2998.0,337.81010657086927
189,3612,Southeast Texas Regional Airport,Beaumont,United States,BPT,29.9507999420166,-94.02069854736328,118129.0,BPT,156.0,337.81010657086927
190,3613,Savannah Hilton Head International Airport,Savannah,United States,SAV,32.12760162,-81.20210266,145674.0,SAV,2226.0,337.81010657086927
192,3615,Nome Airport,Nome,United States,OME,64.51219940185547,-165.44500732421875,3806.0,OME,530.0,337.81010657086927
193,3617,St Petersburg Clearwater International Airport,St. Petersburg,United States,PIE,27.91020012,-82.68740082,257083.0,PIE,352.0,337.81010657086927
196,3620,Deadhorse Airport,Deadhorse,United States,SCC,70.19470215,-148.46499630000002,34119.0,SCC,101.0,337.81010657086927
197,3621,San Antonio International Airport,San Antonio,United States,SAT,29.533700942993164,-98.46980285644531,1469845.0,SAT,4077.0,337.81010657086927
198,3622,Greater Rochester International Airport,Rochester,United States,ROC,43.118900299072266,-77.67240142822266,209802.0,ROC,1050.0,337.81010657086927
200,3624,Teterboro Airport,Teterboro,United States,TEB,40.85010147089999,-74.060798645,4730.0,TEB,14.0,337.81010657086927
202,3626,Raleigh Durham International Airport,Raleigh-durham,United States,RDU,35.877601623535156,-78.7874984741211,2262653.0,RDU,6698.0,337.81010657086927
203,3627,James M Cox Dayton International Airport,Dayton,United States,DAY,39.90240097045898,-84.21939849853516,140599.0,DAY,1563.0,337.81010657086927
204,3628,Kenai Municipal Airport,Kenai,United States,ENA,60.57310104370117,-151.2449951171875,7661.0,ENA,558.0,337.81010657086927
206,3630,Niagara Falls International Airport,Niagara Falls,United States,IAG,43.1072998046875,-78.94619750976562,48916.0,IAG,31.0,337.81010657086927
209,3633,Newport News Williamsburg International Airport,Newport News,United States,PHF,37.13190079,-76.49299622,182385.0,PHF,288.0,337.81010657086927
212,3636,Tucson International Airport,Tucson,United States,TUS,32.116100311279304,-110.94100189208984,531641.0,TUS,2042.0,337.81010657086927
217,3641,Theodore Francis Green State Airport,Providence,United States,PVD,41.732601,-71.42040300000002,179207.0,PVD,1154.0,337.81010657086927
218,3642,Salisbury Ocean City Wicomico Regional Airport,Salisbury,United States,SBY,38.34049987792969,-75.51029968261719,34017.0,SBY,262.0,337.81010657086927
219,3644,Bob Hope Airport,Burbank,United States,BUR,34.200698852539055,-118.35900115966795,105319.0,BUR,1465.0,337.81010657086927
220,3645,Detroit Metropolitan Wayne County Airport,Detroit,United States,DTW,42.212398529052734,-83.35340118408203,677116.0,DTW,19915.0,337.81010657086927
221,3646,Tampa International Airport,Tampa,United States,TPA,27.975500106811523,-82.533203125,369075.0,TPA,12942.0,337.81010657086927
225,3650,Range Regional Airport,Hibbing,United States,HIB,47.38660049,-92.83899689,16204.0,HIB,53.0,337.81010657086927
227,3652,Midland International Airport,Midland,United States,MAF,31.9424991607666,-102.2020034790039,132950.0,MAF,770.0,337.81010657086927
228,3653,Austin Straubel International Airport,Green Bay,United States,GRB,44.48509979248047,-88.12960052490234,105207.0,GRB,711.0,337.81010657086927
231,3658,Augusta Regional At Bush Field,Bush Field,United States,AGS,33.36989974975586,-81.9645004272461,260790.0,AGS,772.0,337.81010657086927
233,3660,Bill & Hillary Clinton National Airport/Adams Field,Little Rock,United States,LIT,34.729400634799994,-92.22429656979999,197992.0,LIT,1774.0,337.81010657086927
237,3664,Homer Airport,Homer,United States,HOM,59.64559936523438,-151.4770050048828,5515.0,HOM,108.0,337.81010657086927
238,3665,Waynesville-St. Robert Regional Forney field,Fort Leonardwood,United States,TBN,37.74160004,-92.14070129,13851.0,TBN,41.0,337.81010657086927
243,3670,Dallas Fort Worth International Airport,Dallas-Fort Worth,United States,DFW,32.896801,-97.038002,16733762.0,DFW,49536.0,337.81010657086927
244,3671,Melbourne International Airport,Melbourne,United States,MLB,28.10280036926269,-80.64530181884766,80127.0,MLB,514.0,337.81010657086927
246,3673,Austin Bergstrom International Airport,Austin,United States,AUS,30.194499969482425,-97.6698989868164,931830.0,AUS,6683.0,337.81010657086927
247,3674,Rickenbacker International Airport,Columbus,United States,LCK,39.813801,-82.927803,850106.0,LCK,22.0,337.81010657086927
248,3675,Sawyer International Airport,Gwinn,United States,MQT,46.3535995483,-87.39540100100002,42565.0,MQT,126.0,337.81010657086927
249,3676,McGhee Tyson Airport,Knoxville,United States,TYS,35.81100082,-83.99400329999997,185291.0,TYS,2437.0,337.81010657086927
251,3678,St Louis Lambert International Airport,St. Louis,United States,STL,38.748697,-90.370003,315685.0,STL,8411.0,337.81010657086927
253,3680,Sheppard Air Force Base-Wichita Falls Municipal Airport,Wichita Falls,United States,SPS,33.9888,-98.49189799999999,104710.0,SPS,170.0,337.81010657086927
255,3682,Hartsfield Jackson Atlanta International Airport,Atlanta,United States,ATL,33.6367,-84.428101,463878.0,ATL,146141.0,337.81010657086927
258,3685,Gerald R. Ford International Airport,Grand Rapids,United States,GRR,42.88079834,-85.52279663,195097.0,GRR,1552.0,337.81010657086927
260,3687,Fresno Yosemite International Airport,Fresno,United States,FAT,36.77619934082031,-119.71800231933594,520052.0,FAT,1332.0,337.81010657086927
263,3690,Nashville International Airport,Nashville,United States,BNA,36.1245002746582,-86.6781997680664,530852.0,BNA,8811.0,337.81010657086927
264,3691,Laredo International Airport,Laredo,United States,LRD,27.543800354003906,-99.46160125732422,255473.0,LRD,211.0,337.81010657086927
266,3693,Ralph Wien Memorial Airport,Kotzebue,United States,OTZ,66.88469696,-162.598999,3277.0,OTZ,480.0,337.81010657086927
270,3697,La Guardia Airport,New York,United States,LGA,40.77719879,-73.87259674,4241206.0,LGA,12555.0,337.81010657086927
271,3698,Tallahassee Regional Airport,Tallahassee,United States,TLH,30.396499633789066,-84.35030364990234,189907.0,TLH,808.0,337.81010657086927
273,3700,Waco Regional Airport,Waco,United States,ACT,31.61129951477051,-97.23049926757812,132356.0,ACT,182.0,337.81010657086927
274,3701,Augusta State Airport,Augusta,United States,AUG,44.320598602299995,-69.7973022461,43459.0,AUG,93.0,337.81010657086927
277,3705,Molokai Airport,Molokai,United States,MKK,21.15290069580078,-157.0959930419922,386117.0,MKK,1143.0,337.81010657086927
279,3708,San Angelo Regional Mathis Field,San Angelo,United States,SJT,31.35770034790039,-100.49600219726562,100450.0,SJT,244.0,337.81010657086927
282,3711,Burlington International Airport,Burlington,United States,BTV,44.471900939899996,-73.15329742429998,52472.0,BTV,354.0,337.81010657086927
283,3712,Jacksonville International Airport,Jacksonville,United States,JAX,30.49410057067871,-81.68789672851562,868031.0,JAX,4784.0,337.81010657086927
284,3713,Durango La Plata County Airport,Durango,United States,DRO,37.1515007019,-107.75399780299999,18006.0,DRO,418.0,337.81010657086927
285,3714,Washington Dulles International Airport,Washington,United States,IAD,38.94449997,-77.45580292,601723.0,IAD,7542.0,337.81010657086927
286,3715,Easterwood Field,College Station,United States,CLL,30.58860016,-96.36380005,107889.0,CLL,213.0,337.81010657086927
288,3717,General Mitchell International Airport,Milwaukee,United States,MKE,42.94720077514648,-87.89659881591797,600155.0,MKE,3871.0,337.81010657086927
289,3718,Abilene Regional Airport,Abilene,United States,ABI,32.4113006592,-99.68190002440001,121721.0,ABI,266.0,337.81010657086927
290,3719,Columbia Regional Airport,Columbia,United States,COU,38.81809997558594,-92.21959686279295,133803.0,COU,172.0,337.81010657086927
291,3720,Portland International Airport,Portland,United States,PDX,45.58869934,-122.59799960000001,632309.0,PDX,10693.0,337.81010657086927
293,3722,Palm Beach International Airport,West Palm Beach,United States,PBI,26.68320083618164,-80.09559631347656,106779.0,PBI,4344.0,337.81010657086927
297,3726,Boeing Field King County International Airport,Seattle,United States,BFI,47.52999877929688,-122.302001953125,684451.0,BFI,0.0,337.81010657086927
299,3728,Daniel K Inouye International Airport,Honolulu,United States,HNL,21.32062,-157.924228,371657.0,HNL,10872.0,337.81010657086927
300,3729,Des Moines International Airport,Des Moines,United States,DSM,41.53400039672852,-93.66310119628906,210330.0,DSM,1776.0,337.81010657086927
301,3730,Coastal Carolina Regional Airport,New Bern,United States,EWN,35.0730018616,-77.04290008539998,30070.0,EWN,194.0,337.81010657086927
302,3731,San Diego International Airport,San Diego,United States,SAN,32.7336006165,-117.190002441,1394928.0,SAN,10370.0,337.81010657086927
303,3732,Monroe Regional Airport,Monroe,United States,MLU,32.51089859008789,-92.0376968383789,49598.0,MLU,446.0,337.81010657086927
305,3734,Ontario International Airport,Ontario,United States,ONT,34.05599975585937,-117.60099792480469,171214.0,ONT,2130.0,337.81010657086927
307,3736,Roswell International Air Center Airport,Roswell,United States,ROW,33.30160140991211,-104.53099822998048,94501.0,ROW,114.0,337.81010657086927
309,3738,Brownsville South Padre Island International Airport,Brownsville,United States,BRO,25.90679931640625,-97.4259033203125,183887.0,BRO,279.0,337.81010657086927
310,3739,Dothan Regional Airport,Dothan,United States,DHN,31.3213005065918,-85.44960021972656,68567.0,DHN,294.0,337.81010657086927
315,3744,Corpus Christi International Airport,Corpus Christi,United States,CRP,27.77039909362793,-97.5011978149414,324074.0,CRP,505.0,337.81010657086927
316,3745,Syracuse Hancock International Airport,Syracuse,United States,SYR,43.11119842529297,-76.1063003540039,144142.0,SYR,1063.0,337.81010657086927
318,3747,Chicago Midway International Airport,Chicago,United States,MDW,41.785999,-87.752403,2720546.0,MDW,8264.0,337.81010657086927
319,3748,Norman Y. Mineta San Jose International Airport,San Jose,United States,SJC,37.362598,-121.929001,1026908.0,SJC,6213.0,337.81010657086927
320,3749,Lea County Regional Airport,Hobbs,United States,HOB,32.6875,-103.21700290000001,38416.0,HOB,23.0,337.81010657086927
322,3751,Denver International Airport,Denver,United States,DEN,39.861698150635,-104.672996521,682545.0,DEN,56468.0,337.81010657086927
323,3752,Philadelphia International Airport,Philadelphia,United States,PHL,39.87189865112305,-75.24109649658203,1567442.0,PHL,18622.0,337.81010657086927
324,3753,Sioux Gateway Col. Bud Day Field,Sioux City,United States,SUX,42.40259933,-96.38439941,82821.0,SUX,56.0,337.81010657086927
330,3759,John Glenn Columbus International Airport,Columbus,United States,CMH,39.998001,-82.891899,850106.0,CMH,4709.0,337.81010657086927
334,3764,Edward G. Pitka Sr Airport,Galena,United States,GAL,64.73619843,-156.93699650000005,3299.0,GAL,273.0,337.81010657086927
339,3770,Texarkana Regional Webb Field,Texarkana,United States,TXK,33.45370101928711,-93.99099731445312,37280.0,TXK,168.0,337.81010657086927
340,3771,Plattsburgh International Airport,Plattsburgh,United States,PBG,44.6509017944336,-73.46810150146484,19806.0,PBG,37.0,337.81010657086927
343,3774,Ted Stevens Anchorage International Airport,Anchorage,United States,ANC,61.174400329589844,-149.99600219726562,298695.0,ANC,3188.0,337.81010657086927
344,3775,Robert Gray  Army Air Field Airport,Killeen,United States,GRK,31.067199706999997,-97.8289031982,140806.0,GRK,399.0,337.81010657086927
345,3777,Bellingham International Airport,Bellingham,United States,BLI,48.79280090332031,-122.53800201416016,85146.0,BLI,140.0,337.81010657086927
350,3782,Mobile Regional Airport,Mobile,United States,MOB,30.691200256348,-88.242797851562,194288.0,MOB,756.0,337.81010657086927
352,3784,Santa Fe Municipal Airport,Santa Fe,United States,SAF,35.617099761999995,-106.08899688700001,84099.0,SAF,173.0,337.81010657086927
358,3790,Scott AFB/Midamerica Airport,Belleville,United States,BLV,38.5452,-89.835197,42034.0,BLV,13.0,337.81010657086927
361,3793,Southwest Florida International Airport,Fort Myers,United States,RSW,26.53619956970215,-81.75520324707031,74013.0,RSW,7834.0,337.81010657086927
362,3794,King Salmon Airport,King Salmon,United States,AKN,58.67679977,-156.6490021,10135.0,AKN,30.0,337.81010657086927
364,3796,Kapalua Airport,Lahania-kapalua,United States,JHM,20.962900161743164,-156.67300415039062,20945.0,JHM,62.0,337.81010657086927
365,3797,John F Kennedy International Airport,New York,United States,JFK,40.63980103,-73.77890015,4617527.0,JFK,13669.0,337.81010657086927
372,3804,Cheyenne Regional Jerry Olson Field,Cheyenne,United States,CYS,41.15570068,-104.81199649999999,63335.0,CYS,93.0,337.81010657086927
373,3805,Stockton Metropolitan Airport,Stockton,United States,SCK,37.894199371338,-121.2379989624,305658.0,SCK,24.0,337.81010657086927
374,3806,Charleston Air Force Base-International Airport,Charleston,United States,CHS,32.89860153,-80.04049683,132609.0,CHS,3046.0,337.81010657086927
375,3807,Reno Tahoe International Airport,Reno,United States,RNO,39.49909973144531,-119.76799774169922,241445.0,RNO,2897.0,337.81010657086927
376,3808,Ketchikan International Airport,Ketchikan,United States,KTN,55.35559845,-131.7140045,8197.0,KTN,530.0,337.81010657086927
379,3811,Birmingham-Shuttlesworth International Airport,Birmingham,United States,BHM,33.56290054,-86.75350189,212461.0,BHM,2344.0,337.81010657086927
385,3817,Sacramento International Airport,Sacramento,United States,SMF,38.69540023803711,-121.59100341796876,490712.0,SMF,7318.0,337.81010657086927
387,3819,City of Colorado Springs Municipal Airport,Colorado Springs,United States,COS,38.805801,-104.70099599999999,456568.0,COS,776.0,337.81010657086927
388,3820,Buffalo Niagara International Airport,Buffalo,United States,BUF,42.94049835,-78.73220062,258071.0,BUF,1690.0,337.81010657086927
392,3824,Cedar City Regional Airport,Cedar City,United States,CDC,37.70100021362305,-113.0989990234375,30184.0,CDC,53.0,337.81010657086927
393,3825,Bradley International Airport,Windsor Locks,United States,BDL,41.9388999939,-72.68319702149999,12498.0,BDL,2676.0,337.81010657086927
394,3826,Mc Allen Miller International Airport,Mcallen,United States,MFE,26.17580032,-98.23860168,154380.0,MFE,457.0,337.81010657086927
397,3829,Lubbock Preston Smith International Airport,Lubbock,United States,LBB,33.663601,-101.822998,249042.0,LBB,674.0,337.81010657086927
398,3830,Chicago O'Hare International Airport,Chicago,United States,ORD,41.9786,-87.9048,2720546.0,ORD,50668.0,337.81010657086927
400,3832,Fairbanks International Airport,Fairbanks,United States,FAI,64.81510162,-147.85600280000003,32325.0,FAI,1138.0,337.81010657086927
405,3838,Watertown International Airport,Watertown,United States,ART,43.99190139770508,-76.02169799804688,31915.0,ART,116.0,337.81010657086927
406,3839,Palm Springs International Airport,Palm Springs,United States,PSP,33.829700469970696,-116.50700378417969,47371.0,PSP,2285.0,337.81010657086927
407,3840,Rick Husband Amarillo International Airport,Amarillo,United States,AMA,35.219398,-101.706001,198645.0,AMA,576.0,337.81010657086927
412,3845,Wilmington International Airport,Wilmington,United States,ILM,34.27059936523437,-77.90260314941406,115933.0,ILM,926.0,337.81010657086927
413,3846,Baton Rouge Metropolitan Airport,Baton Rouge,United States,BTR,30.533199,-91.149597,228590.0,BTR,804.0,337.81010657086927
414,3848,Tyler Pounds Regional Airport,Tyler,United States,TYR,32.35409927368164,-95.40239715576172,103700.0,TYR,210.0,337.81010657086927
415,3849,Baltimore/Washington International Thurgood Marshall Airport,Baltimore,United States,BWI,39.1754,-76.668297,621849.0,BWI,12544.0,337.81010657086927
417,3851,Lanai Airport,Lanai,United States,LNY,20.785600662231445,-156.9510040283203,115194.0,LNY,341.0,337.81010657086927
418,3852,Alexandria International Airport,Alexandria,United States,AEX,31.32740020751953,-92.54979705810548,153511.0,AEX,518.0,337.81010657086927
420,3854,Cold Bay Airport,Cold Bay,United States,CDB,55.20610046386719,-162.72500610351562,8108.0,CDB,24.0,337.81010657086927
421,3855,Tulsa International Airport,Tulsa,United States,TUL,36.19839859008789,-95.88809967041016,403505.0,TUL,1618.0,337.81010657086927
422,3856,Sitka Rocky Gutierrez Airport,Sitka,United States,SIT,57.04710006713867,-135.36199951171878,8863.0,SIT,182.0,337.81010657086927
424,3858,Minneapolis-St Paul International/Wold-Chamberlain Airport,Minneapolis,United States,MSP,44.882,-93.221802,410939.0,MSP,23752.0,337.81010657086927
425,3859,New Castle Airport,Wilmington,United States,ILG,39.67869949,-75.60649872,115933.0,ILG,0.0,337.81010657086927
427,3861,Louis Armstrong New Orleans International Airport,New Orleans,United States,MSY,29.99340057373047,-90.25800323486328,389617.0,MSY,9135.0,337.81010657086927
428,3862,Portland International Jetport Airport,Portland,United States,PWM,43.64619827,-70.30930328,632309.0,PWM,72.0,337.81010657086927
429,3863,Will Rogers World Airport,Oklahoma City,United States,OKC,35.39310073852539,-97.60070037841795,631346.0,OKC,2880.0,337.81010657086927
430,3864,Albany International Airport,Albany,United States,ALB,42.74829864501953,-73.80169677734375,98469.0,ALB,1100.0,337.81010657086927
431,3865,Valdez Pioneer Field,Valdez,United States,VDZ,61.13389969,-146.24800109999995,3870.0,VDZ,54.0,337.81010657086927
433,3867,John Wayne Airport-Orange County Airport,Santa Ana,United States,SNA,33.67570114,-117.86799620000001,335400.0,SNA,4537.0,337.81010657086927
438,3872,Casper-Natrona County International Airport,Casper,United States,CPR,42.908001,-106.46399699999999,60285.0,CPR,168.0,337.81010657086927
439,3873,Destin-Ft Walton Beach Airport,Valparaiso,United States,VPS,30.4832,-86.525398,32626.0,VPS,1211.0,337.81010657086927
441,3875,Key West International Airport,Key West,United States,EYW,24.556100845336914,-81.75959777832031,25755.0,EYW,1113.0,337.81010657086927
442,3876,Charlotte Douglas International Airport,Charlotte,United States,CLT,35.2140007019043,-80.94309997558594,827097.0,CLT,31757.0,337.81010657086927
443,3877,McCarran International Airport,Las Vegas,United States,LAS,36.08010101,-115.15200039999999,623747.0,LAS,27561.0,337.81010657086927
444,3878,Orlando International Airport,Orlando,United States,MCO,28.429399490356445,-81.30899810791016,270934.0,MCO,25044.0,337.81010657086927
445,3879,Florence Regional Airport,Florence,United States,FLO,34.18539810180664,-79.7238998413086,40026.0,FLO,0.0,337.81010657086927
446,3880,Great Falls International Airport,Great Falls,United States,GTF,47.48199844,-111.3710022,59638.0,GTF,238.0,337.81010657086927
450,3944,Pullman Moscow Regional Airport,Pullman,United States,PUW,46.7439,-117.110001,32816.0,PUW,62.0,337.81010657086927
451,3945,Lewiston Nez Perce County Airport,Lewiston,United States,LWS,46.3745002746582,-117.01499938964844,36202.0,LWS,71.0,337.81010657086927
452,3946,Elmira Corning Regional Airport,Elmira,United States,ELM,42.1599006652832,-76.8916015625,28213.0,ELM,71.0,337.81010657086927
453,3947,Ithaca Tompkins Regional Airport,Ithaca,United States,ITH,42.49100112915039,-76.4583969116211,30788.0,ITH,31.0,337.81010657086927
454,3948,Monterey Peninsula Airport,Monterey,United States,MRY,36.58700180053711,-121.84300231933594,28338.0,MRY,316.0,337.81010657086927
455,3949,Santa Barbara Municipal Airport,Santa Barbara,United States,SBA,34.42620087,-119.8399963,91842.0,SBA,407.0,337.81010657086927
456,3950,Daytona Beach International Airport,Daytona Beach,United States,DAB,29.179899,-81.058098,64736.0,DAB,609.0,337.81010657086927
460,4007,Asheville Regional Airport,Asheville,United States,AVL,35.43619918823242,-82.54180145263672,88512.0,AVL,1024.0,337.81010657086927
461,4008,Piedmont Triad International Airport,Greensboro,United States,GSO,36.097801208496094,-79.93730163574219,285342.0,GSO,1767.0,337.81010657086927
462,4009,Joe Foss Field Airport,Sioux Falls,United States,FSD,43.5820007324,-96.741897583,171544.0,FSD,895.0,337.81010657086927
463,4011,Manchester-Boston Regional Airport,Manchester NH,United States,MHT,42.932598,-71.435699,215523.0,MHT,638.0,337.81010657086927
465,4014,Louisville International Standiford Field,Louisville,United States,SDF,38.1744,-85.736,243639.0,SDF,2796.0,337.81010657086927
466,4015,Charlottesville Albemarle Airport,Charlottesville VA,United States,CHO,38.13859939575195,-78.4529037475586,187823.0,CHO,556.0,337.81010657086927
467,4016,Roanokeâ€“Blacksburg Regional Airport,Roanoke VA,United States,ROA,37.3255,-79.975403,275316.0,ROA,815.0,337.81010657086927
468,4017,Blue Grass Airport,Lexington KY,United States,LEX,38.0364990234375,-84.60590362548828,454017.0,LEX,1344.0,337.81010657086927
469,4018,Evansville Regional Airport,Evansville,United States,EVV,38.0369987488,-87.53240203860001,119943.0,EVV,561.0,337.81010657086927
470,4019,Albuquerque International Sunport,Albuquerque,United States,ABQ,35.040199,-106.609001,559121.0,ABQ,2329.0,337.81010657086927
471,4020,Gallatin Field,Bozeman,United States,BZN,45.77750015,-111.15299990000001,43405.0,BZN,613.0,337.81010657086927
472,4021,Billings Logan International Airport,Billings,United States,BIL,45.807701110839844,-108.54299926757812,110263.0,BIL,770.0,337.81010657086927
473,4022,Bert Mooney Airport,Butte,United States,BTM,45.95479965209961,-112.49700164794922,34190.0,BTM,58.0,337.81010657086927
474,4023,Cherry Capital Airport,Traverse City,United States,TVC,44.74140167236328,-85.58219909667969,15218.0,TVC,576.0,337.81010657086927
475,4025,Hancock County-Bar Harbor Airport,Bar Harbor,United States,BHB,44.45000076,-68.36150359999999,31417.0,BHB,93.0,337.81010657086927
476,4026,Knox County Regional Airport,Rockland,United States,RKD,44.06010056,-69.09919739,17982.0,RKD,93.0,337.81010657086927
477,4027,Jackson Hole Airport,Jacksn Hole,United States,JAC,43.6072998046875,-110.73799896240234,68238.0,JAC,202.0,337.81010657086927
478,4028,Chicago Rockford International Airport,Rockford,United States,RFD,42.19540023803711,-89.09719848632812,148278.0,RFD,58.0,337.81010657086927
479,4034,Greenville Spartanburg International Airport,Greenville,United States,GSP,34.895698547399995,-82.2189025879,90597.0,GSP,2094.0,337.81010657086927
480,4037,Central Illinois Regional Airport at Bloomington-Normal,Bloomington,United States,BMI,40.47710037,-88.91590118,86435.0,BMI,350.0,337.81010657086927
481,4038,Gulfport Biloxi International Airport,Gulfport,United States,GPT,30.40730094909668,-89.07009887695312,71856.0,GPT,861.0,337.81010657086927
482,4039,Kalamazoo Battle Creek International Airport,Kalamazoo,United States,AZO,42.234901428222656,-85.5521011352539,76041.0,AZO,181.0,337.81010657086927
483,4040,Toledo Express Airport,Toledo,United States,TOL,41.58679962,-83.80780029,279789.0,TOL,90.0,337.81010657086927
484,4041,Fort Wayne International Airport,Fort Wayne,United States,FWA,40.97850037,-85.19509888,260326.0,FWA,906.0,337.81010657086927
485,4042,Decatur Airport,Decatur,United States,DEC,39.83459854125977,-88.8656997680664,73254.0,DEC,53.0,337.81010657086927
486,4043,The Eastern Iowa Airport,Cedar Rapids,United States,CID,41.88470077514648,-91.71080017089844,130405.0,CID,770.0,337.81010657086927
487,4044,La Crosse Municipal Airport,La Crosse,United States,LSE,43.879002,-91.256699,52306.0,LSE,180.0,337.81010657086927
488,4045,Central Wisconsin Airport,Wassau,United States,CWA,44.7775993347,-89.6668014526,89520.0,CWA,265.0,337.81010657086927
489,4046,General Wayne A. Downing Peoria International Airport,Peoria,United States,PIA,40.664199829100006,-89.6932983398,171237.0,PIA,332.0,337.81010657086927
490,4047,Appleton International Airport,Appleton,United States,ATW,44.258098602299995,-88.51909637450001,74139.0,ATW,400.0,337.81010657086927
491,4048,Rochester International Airport,Rochester,United States,RST,43.90829849243164,-92.5,209802.0,RST,294.0,337.81010657086927
492,4049,University of Illinois Willard Airport,Champaign,United States,CMI,40.03919983,-88.27809906,86096.0,CMI,174.0,337.81010657086927
493,4050,Manhattan Regional Airport,Manhattan,United States,MHK,39.14099884033203,-96.6707992553711,1487536.0,MHK,116.0,337.81010657086927
495,4063,Grand Junction Regional Airport,Grand Junction,United States,GJT,39.1223983765,-108.527000427,60358.0,GJT,513.0,337.81010657086927
496,4064,St George Municipal Airport,Saint George,United States,SGU,37.036389,-113.510306,72897.0,SGU,219.0,337.81010657086927
498,4067,Sarasota Bradenton International Airport,Sarasota,United States,SRQ,27.39539909362793,-82.55439758300781,55118.0,SRQ,1322.0,337.81010657086927
500,4072,Quad City International Airport,Moline,United States,MLI,41.44850158691406,-90.50749969482422,42681.0,MLI,577.0,337.81010657086927
502,4083,Bismarck Municipal Airport,Bismarck,United States,BIS,46.77270126342773,-100.74600219726562,71167.0,BIS,313.0,337.81010657086927
504,4087,Rapid City Regional Airport,Rapid City,United States,RAP,44.0452995300293,-103.05699920654295,73569.0,RAP,428.0,337.81010657086927
506,4089,Bishop International Airport,Flint,United States,FNT,42.96540069580078,-83.74359893798828,98310.0,FNT,218.0,337.81010657086927
507,4098,Redding Municipal Airport,Redding,United States,RDD,40.50899887,-122.2929993,91582.0,RDD,29.0,337.81010657086927
508,4099,Mahlon Sweet Field,Eugene,United States,EUG,44.12459945678711,-123.21199798583984,163460.0,EUG,779.0,337.81010657086927
509,4100,Idaho Falls Regional Airport,Idaho Falls,United States,IDA,43.514599,-112.070999,59184.0,IDA,223.0,337.81010657086927
510,4101,Rogue Valley International Medford Airport,Medford,United States,MFR,42.37419891357422,-122.8730010986328,79805.0,MFR,707.0,337.81010657086927
511,4103,Roberts Field,Redmond-Bend,United States,RDM,44.254100799999996,-121.15000149999999,261466.0,RDM,774.0,337.81010657086927
512,4112,Akron Canton Regional Airport,Akron,United States,CAK,40.916099548339844,-81.44219970703125,197542.0,CAK,382.0,337.81010657086927
513,4113,Huntsville International Carl T Jones Field,Huntsville,United States,HSV,34.637199401855,-86.775100708008,190582.0,HSV,1450.0,337.81010657086927
515,4115,Montgomery Regional (Dannelly Field) Airport,MONTGOMERY,United States,MGM,32.30059814,-86.39399719,201335.0,MGM,596.0,337.81010657086927
517,4117,Barkley Regional Airport,PADUCAH,United States,PAH,37.06079864501953,-88.7738037109375,20945.0,PAH,62.0,337.81010657086927
518,4124,Page Municipal Airport,Page,United States,PGA,36.92610168,-111.447998,7490.0,PGA,33.0,337.81010657086927
519,4127,Glacier Park International Airport,Kalispell,United States,FCA,48.31050109863281,-114.25599670410156,22052.0,FCA,305.0,337.81010657086927
520,4128,MBS International Airport,Saginaw,United States,MBS,43.532901763916016,-84.07959747314453,49347.0,MBS,131.0,337.81010657086927
521,4129,Greater Binghamton/Edwin A Link field,Binghamton,United States,BGM,42.20869827,-75.97979736,46032.0,BGM,30.0,337.81010657086927
523,4147,Petersburg James A Johnson Airport,Petersburg,United States,PSG,56.80170059,-132.9450073,32477.0,PSG,60.0,337.81010657086927
524,4167,Orlando Sanford International Airport,Sanford,United States,SFB,28.7775993347168,-81.23750305175781,58111.0,SFB,496.0,337.81010657086927
525,4169,John Murtha Johnstown Cambria County Airport,Johnstown,United States,JST,40.31610107421875,-78.83390045166016,19966.0,JST,21.0,337.81010657086927
526,4216,Missoula International Airport,Missoula,United States,MSO,46.91630173,-114.0910034,71022.0,MSO,326.0,337.81010657086927
538,4250,Eagle County Regional Airport,Vail,United States,EGE,39.64260101,-106.9179993,10208.0,EGE,72.0,337.81010657086927
541,4255,Columbus Metropolitan Airport,Columbus,United States,CSG,32.516300201416016,-84.93890380859375,850106.0,CSG,291.0,337.81010657086927
542,4256,Lawton Fort Sill Regional Airport,Lawton,United States,LAW,34.5676994324,-98.4166030884,96655.0,LAW,134.0,337.81010657086927
544,4261,Flagstaff Pulliam Airport,Flagstaff,United States,FLG,35.13850021,-111.6709976,70320.0,FLG,146.0,337.81010657086927
546,4263,Joslin Field Magic Valley Regional Airport,Twin Falls,United States,TWF,42.4818,-114.487999,47468.0,TWF,98.0,337.81010657086927
547,4265,Martha's Vineyard Airport,Vineyard Haven MA,United States,MVY,41.393100738499996,-70.6143035889,45267.0,MVY,134.0,337.81010657086927
550,4271,St Cloud Regional Airport,Saint Cloud,United States,STC,45.54660034179688,-94.05989837646484,65842.0,STC,7.0,337.81010657086927
551,4273,Golden Triangle Regional Airport,Columbus Mississippi,United States,GTR,33.450298309299995,-88.59140014649998,84115.0,GTR,249.0,337.81010657086927
554,4278,Barnstable Municipal Boardman Polando Field,Barnstable,United States,HYA,41.66930008,-70.28040314,47821.0,HYA,219.0,337.81010657086927
557,4285,Yeager Airport,Charleston,United States,CRW,38.37310028076172,-81.59320068359375,132609.0,CRW,448.0,337.81010657086927
558,4286,Wilkes Barre Scranton International Airport,Scranton,United States,AVP,41.338500976599995,-75.72339630130001,77118.0,AVP,223.0,337.81010657086927
559,4287,Bemidji Regional Airport,Bemidji,United States,BJI,47.50939941,-94.93370056,14594.0,BJI,62.0,337.81010657086927
560,4292,Hector International Airport,Fargo,United States,FAR,46.92070007324219,-96.81580352783205,118523.0,FAR,814.0,337.81010657086927
562,4296,Gillette Campbell County Airport,Gillette,United States,GCC,44.3488998413,-105.539001465,32649.0,GCC,55.0,337.81010657086927
564,4318,University Park Airport,State College Pennsylvania,United States,SCE,40.8493003845,-77.84870147710002,79386.0,SCE,235.0,337.81010657086927
567,4338,Cortez Municipal Airport,Cortez,United States,CEZ,37.3030014038,-108.627998352,8715.0,CEZ,82.0,337.81010657086927
568,4339,Yampa Valley Airport,Hayden,United States,HDN,40.48120117,-107.21800230000001,14133.0,HDN,130.0,337.81010657086927
570,4341,Liberal Mid-America Regional Airport,Liberal,United States,LBL,37.04420089999999,-100.95999909999999,20746.0,LBL,159.0,337.81010657086927
573,4344,Yellowstone Regional Airport,Cody,United States,COD,44.520198822,-109.024002075,9792.0,COD,50.0,337.81010657086927
574,4348,Springfield Branson National Airport,Springfield,United States,SGF,37.24570084,-93.38860321,166810.0,SGF,997.0,337.81010657086927
575,4354,Joplin Regional Airport,Joplin,United States,JLN,37.151798248291016,-94.49829864501952,51818.0,JLN,118.0,337.81010657086927
576,4355,Lehigh Valley International Airport,Allentown,United States,ABE,40.652099609375,-75.44080352783203,120207.0,ABE,485.0,337.81010657086927
577,4356,Northwest Arkansas Regional Airport,Bentonville,United States,XNA,36.281898,-94.30680100000001,44499.0,XNA,1365.0,337.81010657086927
578,4359,South Bend Regional Airport,South Bend,United States,SBN,41.70869827270508,-86.31729888916016,101516.0,SBN,507.0,337.81010657086927
580,4384,California Redwood Coast-Humboldt County Airport,Arcata CA,United States,ACV,40.978101,-124.109,15202.0,ACV,45.0,337.81010657086927
581,4386,Albert J Ellis Airport,Jacksonville NC,United States,OAJ,34.8292007446,-77.61209869380002,195930.0,OAJ,580.0,337.81010657086927
583,4388,Dubuque Regional Airport,Dubuque IA,United States,DBQ,42.40200043,-90.70950317,0.0,DBQ,0.0,337.81010657086927
584,5714,Aberdeen Regional Airport,Aberdeen,United States,ABR,45.44910049438477,-98.42179870605469,28102.0,ABR,62.0,337.81010657086927
585,5715,Southwest Georgia Regional Airport,Albany,United States,ABY,31.535499572753906,-84.19450378417969,98469.0,ABY,360.0,337.81010657086927
588,5718,Waterloo Regional Airport,Waterloo,United States,ALO,42.55709838867188,-92.40029907226562,68460.0,ALO,56.0,337.81010657086927
589,5719,Walla Walla Regional Airport,Walla Walla,United States,ALW,46.09489822,-118.288002,32237.0,ALW,62.0,337.81010657086927
590,5720,Alpena County Regional Airport,Alpena,United States,APN,45.07809829999999,-83.56030273,10175.0,APN,53.0,337.81010657086927
593,5723,Western Neb. Rgnl/William B. Heilig Airport,Scottsbluff,United States,BFF,41.87400055,-103.5960007,14802.0,BFF,52.0,337.81010657086927
595,5725,Brunswick Golden Isles Airport,Brunswick,United States,BQK,31.2588005065918,-81.46649932861328,34689.0,BQK,264.0,337.81010657086927
596,5726,Southeast Iowa Regional Airport,Burlington,United States,BRL,40.783199310302734,-91.12550354003906,52472.0,BRL,108.0,337.81010657086927
599,5729,Chippewa County International Airport,Sault Ste Marie,United States,CIU,46.25080108642578,-84.47239685058594,10473.0,CIU,31.0,337.81010657086927
600,5730,North Central West Virginia Airport,Clarksburg,United States,CKB,39.2966003418,-80.2281036377,16152.0,CKB,33.0,337.81010657086927
602,5732,Houghton County Memorial Airport,Hancock,United States,CMX,47.16839981079102,-88.48909759521484,4555.0,CMX,62.0,337.81010657086927
603,5733,Dodge City Regional Airport,Dodge City,United States,DDC,37.76340103149414,-99.9655990600586,27912.0,DDC,159.0,337.81010657086927
605,5735,Chippewa Valley Regional Airport,Eau Claire,United States,EAU,44.86579895019531,-91.48429870605469,67778.0,EAU,62.0,337.81010657086927
606,5736,Elko Regional Airport,Elko,United States,EKO,40.82490158081055,-115.79199981689452,20279.0,EKO,55.0,337.81010657086927
607,5737,New Bedford Regional Airport,New Bedford,United States,EWB,41.67610168457031,-70.95690155029297,94958.0,EWB,52.0,337.81010657086927
608,5738,Fayetteville Regional Grannis Field,Fayetteville,United States,FAY,34.991199493408196,-78.88030242919922,201963.0,FAY,587.0,337.81010657086927
609,5739,Wokal Field Glasgow International Airport,Glasgow,United States,GGW,48.212502,-106.614998,14470.0,GGW,62.0,337.81010657086927
610,5740,Central Nebraska Regional Airport,Grand Island,United States,GRI,40.96749877929688,-98.30960083007812,51440.0,GRI,141.0,337.81010657086927
612,5742,Tri-State/Milton J. Ferguson Field,Huntington,United States,HTS,38.36669922,-82.55799866,48638.0,HTS,28.0,337.81010657086927
613,5744,Kirksville Regional Airport,Kirksville,United States,IRK,40.09349822998047,-92.5448989868164,17520.0,IRK,93.0,337.81010657086927
615,5746,Laramie Regional Airport,Laramie,United States,LAR,41.31209945678711,-105.6750030517578,32158.0,LAR,53.0,337.81010657086927
616,5747,Arnold Palmer Regional Airport,Latrobe,United States,LBE,40.27590179,-79.40480042,8081.0,LBE,41.0,337.81010657086927
617,5748,North Platte Regional Airport Lee Bird Field,North Platte,United States,LBF,41.12620163,-100.6839981,24194.0,LBF,53.0,337.81010657086927
618,5749,Lebanon Municipal Airport,Lebanon,United States,LEB,43.626098632799994,-72.30419921880002,30262.0,LEB,186.0,337.81010657086927
622,5753,Lynchburg Regional Preston Glenn Field,Lynchburg,United States,LYH,37.326698303222656,-79.20040130615234,79812.0,LYH,236.0,337.81010657086927
623,5754,Muskegon County Airport,Muskegon,United States,MKG,43.16949844,-86.23819733,38401.0,MKG,57.0,337.81010657086927
625,5756,Northwest Alabama Regional Airport,Muscle Shoals,United States,MSL,34.74530029,-87.61019897,13706.0,MSL,55.0,337.81010657086927
626,5757,Southwest Oregon Regional Airport,North Bend,United States,OTH,43.41709899902344,-124.24600219726562,9673.0,OTH,13.0,337.81010657086927
627,5758,Owensboro Daviess County Airport,Owensboro,United States,OWB,37.74010086,-87.16680145,59042.0,OWB,40.0,337.81010657086927
629,5760,Pocatello Regional Airport,Pocatello,United States,PIH,42.9098014831543,-112.59600067138672,54441.0,PIH,98.0,337.81010657086927
630,5761,Pierre Regional Airport,Pierre,United States,PIR,44.38270187,-100.2860031,14002.0,PIR,159.0,337.81010657086927
631,5762,Pellston Regional Airport of Emmet County Airport,Pellston,United States,PLN,45.57089996,-84.79669952,17904.0,PLN,53.0,337.81010657086927
632,5763,Portsmouth International at Pease Airport,Portsmouth,United States,PSM,43.0778999329,-70.8233032227,96201.0,PSM,10.0,337.81010657086927
634,5765,Rhinelander Oneida County Airport,Rhinelander,United States,RHI,45.63119888305664,-89.46749877929688,7526.0,RHI,62.0,337.81010657086927
635,5766,Southwest Wyoming Regional Airport,Rock Springs,United States,RKS,41.5942,-109.065001,23962.0,RKS,45.0,337.81010657086927
636,5767,Rutland - Southern Vermont Regional Airport,Rutland,United States,RUT,43.52939987,-72.94960022,15824.0,RUT,93.0,337.81010657086927
637,5768,San Luis County Regional Airport,San Luis Obispo,United States,SBP,35.2368011475,-120.64199829100001,47339.0,SBP,227.0,337.81010657086927
638,5769,Sheridan County Airport,Sheridan,United States,SHR,44.76919937133789,-106.9800033569336,17873.0,SHR,53.0,337.81010657086927
639,5770,Adirondack Regional Airport,Saranac Lake,United States,SLK,44.38529968261719,-74.2061996459961,5274.0,SLK,93.0,337.81010657086927
641,5772,Santa Maria Pub/Capt G Allan Hancock Field,Santa Maria,United States,SMX,34.89889908,-120.4570007,105093.0,SMX,13.0,337.81010657086927
643,5774,Quincy Regional Baldwin Field,Quincy,United States,UIN,39.94269943,-91.19460297,93618.0,UIN,85.0,337.81010657086927
644,5775,Victoria Regional Airport,Victoria,United States,VCT,28.85260009765625,-96.9185028076172,67574.0,VCT,53.0,337.81010657086927
645,5776,Valdosta Regional Airport,Valdosta,United States,VLD,30.78249931335449,-83.27670288085938,55724.0,VLD,264.0,337.81010657086927
647,5779,Yakima Air Terminal McAllister Field,Yakima,United States,YKM,46.56819916,-120.5439987,93701.0,YKM,62.0,337.81010657086927
648,5959,Adak Airport,Adak Island,United States,ADK,51.87799835205078,-176.64599609375,0.0,ADK,0.0,337.81010657086927
649,5960,Gustavus Airport,Gustavus,United States,GST,58.42530060000001,-135.7070007,17567.0,GST,52.0,337.81010657086927
650,5961,Skagway Airport,Skagway,United States,SGY,59.46009826660156,-135.31599426269528,26350.0,SGY,78.0,337.81010657086927
651,5962,Holy Cross Airport,Holy Cross,United States,HCR,62.18830108642578,-159.77499389648438,18242.0,HCR,54.0,337.81010657086927
652,5963,Haines Airport,Haines,United States,HNS,59.24380111694336,-135.52400207519528,37835.0,HNS,112.0,337.81010657086927
653,5964,Kalskag Airport,Kalskag,United States,KLG,61.53630065917969,-160.34100341796875,18242.0,KLG,54.0,337.81010657086927
654,5965,McGrath Airport,Mcgrath,United States,MCG,62.95289993,-155.60600280000003,3379.0,MCG,10.0,337.81010657086927
655,5966,Mountain Village Airport,Mountain Village,United States,MOU,62.09540176391602,-163.6820068359375,9121.0,MOU,27.0,337.81010657086927
656,5967,Aniak Airport,Aniak,United States,ANI,61.58160018920898,-159.54299926757812,49996.0,ANI,148.0,337.81010657086927
657,5968,Chevak Airport,Chevak,United States,VAK,61.5409,-165.6005,9121.0,VAK,27.0,337.81010657086927
658,5969,Wrangell Airport,Wrangell,United States,WRG,56.48429871,-132.36999509999998,20269.0,WRG,60.0,337.81010657086927
663,6133,Tri Cities Airport,Pasco,United States,PSC,46.26470184326172,-119.11900329589844,69451.0,PSC,428.0,337.81010657086927
671,6456,Provincetown Municipal Airport,Provincetown,United States,PVC,42.071899414099995,-70.2213973999,20945.0,PVC,62.0,337.81010657086927
676,6505,Phoenix-Mesa-Gateway Airport,Mesa,United States,AZA,33.30780029,-111.65499879999999,471825.0,AZA,336.0,337.81010657086927
677,6712,Anaktuvuk Pass Airport,Anaktuvuk Pass,United States,AKP,68.13359833,-151.7429962,52023.0,AKP,154.0,337.81010657086927
678,6713,Anvik Airport,Anvik,United States,ANV,62.64670200000001,-160.190994,0.0,ANV,0.0,337.81010657086927
679,6714,Atqasuk Edward Burnell Sr Memorial Airport,Atqasuk,United States,ATK,70.46730041503906,-157.43600463867188,18242.0,ATK,54.0,337.81010657086927
680,6715,Gambell Airport,Gambell,United States,GAM,63.76679992675781,-171.73300170898438,50672.0,GAM,150.0,337.81010657086927
681,6716,Hooper Bay Airport,Hooper Bay,United States,HPB,61.52389908,-166.1470032,9121.0,HPB,27.0,337.81010657086927
682,6717,Kaltag Airport,Kaltag,United States,KAL,64.31909943,-158.74099730000003,9121.0,KAL,27.0,337.81010657086927
683,6718,St Mary's Airport,St Mary's,United States,KSM,62.0605011,-163.30200200000004,9121.0,KSM,27.0,337.81010657086927
684,6719,Kivalina Airport,Kivalina,United States,KVL,67.73619842529297,-164.56300354003906,33782.0,KVL,100.0,337.81010657086927
685,6720,Mekoryuk Airport,Mekoryuk,United States,MYU,60.37139892578125,-166.27099609375,0.0,MYU,0.0,337.81010657086927
686,6722,Ruby Airport,Ruby,United States,RBY,64.72720337,-155.47000119999996,23985.0,RBY,71.0,337.81010657086927
687,6723,Shishmaref Airport,Shishmaref,United States,SHH,66.249604,-166.089112,25336.0,SHH,75.0,337.81010657086927
688,6724,Savoonga Airport,Savoonga,United States,SVA,63.6864013671875,-170.4929962158203,50672.0,SVA,150.0,337.81010657086927
689,6725,Noatak Airport,Noatak,United States,WTK,67.56610107421875,-162.97500610351562,25336.0,WTK,75.0,337.81010657086927
690,6729,Arctic Village Airport,Arctic Village,United States,ARC,68.1147,-145.578995,9121.0,ARC,27.0,337.81010657086927
692,6739,Hagerstown Regional Richard A Henson Field,Hagerstown,United States,HGR,39.707901,-77.72949982,40432.0,HGR,14.0,337.81010657086927
693,6742,Sand Point Airport,Sand Point,United States,SDP,55.31499862670898,-160.5229949951172,3379.0,SDP,10.0,337.81010657086927
694,6755,Deering Airport,Deering,United States,DRG,66.0696029663,-162.76600647,33782.0,DRG,100.0,337.81010657086927
695,6763,Igiugig Airport,Igiugig,United States,IGG,59.32400131225586,-155.90199279785156,7770.0,IGG,23.0,337.81010657086927
700,6800,Delta County Airport,Escanaba,United States,ESC,45.7226982117,-87.0936965942,12334.0,ESC,51.0,337.81010657086927
701,6803,Yakutat Airport,Yakutat,United States,YAK,59.503299713100006,-139.660003662,20269.0,YAK,60.0,337.81010657086927
702,6825,Williamson County Regional Airport,Marion,United States,MWA,37.75500107,-89.01110077,37330.0,MWA,108.0,337.81010657086927
703,6837,Ford Airport,Iron Mountain,United States,IMT,45.8184013367,-88.11450195309997,7504.0,IMT,29.0,337.81010657086927
704,6839,Allakaket Airport,Allakaket,United States,AET,66.5518035889,-152.621994019,14864.0,AET,44.0,337.81010657086927
713,6880,Montrose Regional Airport,Montrose CO,United States,MTJ,38.5097999573,-107.89399719200001,42902.0,MTJ,127.0,337.81010657086927
714,6881,Riverton Regional Airport,Riverton WY,United States,RIW,43.064201355,-108.459999084,15202.0,RIW,45.0,337.81010657086927
715,6883,Eastern Oregon Regional At Pendleton Airport,Pendleton,United States,PDT,45.695098877,-118.84100341799999,16881.0,PDT,89.0,337.81010657086927
717,6916,Pangborn Memorial Airport,Wenatchee,United States,EAT,47.3988990784,-120.20700073200001,33636.0,EAT,62.0,337.81010657086927
720,6957,Brainerd Lakes Regional Airport,Brainerd,United States,BRD,46.39830017,-94.13809967,13371.0,BRD,53.0,337.81010657086927
721,6958,Greenbrier Valley Airport,Lewisburg,United States,LWB,37.8582992554,-80.3994979858,11480.0,LWB,0.0,337.81010657086927
722,6959,Pitt Greenville Airport,Greenville,United States,PGV,35.6352005,-77.38529968,90597.0,PGV,0.0,337.81010657086927
723,6960,Chefornak Airport,Chefornak,United States,CYF,60.1492004395,-164.285995483,27363.0,CYF,81.0,337.81010657086927
725,6962,Branson Airport,Branson,United States,BKG,36.532082,-93.200544,11431.0,BKG,0.0,337.81010657086927
728,6992,Charles M. Schulz Sonoma County Airport,Santa Rosa,United States,STS,38.50899887,-122.8130035,174972.0,STS,197.0,337.81010657086927
733,7001,Aspen-Pitkin Co/Sardy Field,Aspen,United States,ASE,39.22320175,-106.8690033,6882.0,ASE,247.0,337.81010657086927
749,7051,Gunnison Crested Butte Regional Airport,Gunnison,United States,GUC,38.53390121,-106.9329987,6076.0,GUC,42.0,337.81010657086927
752,7056,Charlotte County Airport,Punta Gorda,United States,PGD,26.92020035,-81.99050140000001,18150.0,PGD,183.0,337.81010657086927
756,7062,Shenandoah Valley Regional Airport,Weyers Cave,United States,SHD,38.2638015747,-78.8964004517,7432.0,SHD,22.0,337.81010657086927
758,7064,Dickinson Theodore Roosevelt Regional Airport,Dickinson,United States,DIK,46.7974014282,-102.80200195299999,23765.0,DIK,29.0,337.81010657086927
759,7065,Sidney - Richland Regional Airport,Sidney,United States,SDY,47.706902,-104.193001,20858.0,SDY,155.0,337.81010657086927
760,7066,Chadron Municipal Airport,Chadron,United States,CDR,42.837600708000004,-103.095001221,5775.0,CDR,165.0,337.81010657086927
762,7068,Mc Cook Ben Nelson Regional Airport,McCook,United States,MCK,40.20629883,-100.59200290000001,7580.0,MCK,58.0,337.81010657086927
764,7070,Dawson Community Airport,Glendive,United States,GDV,47.13869858,-104.8069992,5490.0,GDV,62.0,337.81010657086927
765,7071,L M Clayton Airport,Wolf Point,United States,OLF,48.0945014954,-105.57499694799999,2850.0,OLF,62.0,337.81010657086927
767,7073,San Luis Valley Regional Bergman Field,Alamosa,United States,ALS,37.434898,-105.866997,9819.0,ALS,159.0,337.81010657086927
772,7078,Show Low Regional Airport,Show Low,United States,SOW,34.265499115,-110.005996704,10860.0,SOW,237.0,337.81010657086927
775,7081,Mammoth Yosemite Airport,Mammoth Lakes,United States,MMH,37.62409973,-118.83799740000002,7946.0,MMH,24.0,337.81010657086927
776,7082,Friday Harbor Airport,Friday Harbor,United States,FRD,48.5219993591,-123.024002075,7432.0,FRD,22.0,337.81010657086927
777,7083,Orcas Island Airport,Eastsound,United States,ESD,48.708198547399995,-122.91000366200001,3041.0,ESD,9.0,337.81010657086927
781,7088,Unalakleet Airport,Unalakleet,United States,UNK,63.88840103,-160.798996,128706.0,UNK,381.0,337.81010657086927
783,7090,Shageluk Airport,Shageluk,United States,SHX,62.6922988892,-159.569000244,18242.0,SHX,54.0,337.81010657086927
785,7092,Nuiqsut Airport,Nuiqsut,United States,NUI,70.2099990845,-151.00599670399998,18242.0,NUI,54.0,337.81010657086927
786,7093,Eek Airport,Eek,United States,EEK,60.21367264,-162.0438843,18242.0,EEK,54.0,337.81010657086927
788,7095,Kwethluk Airport,Kwethluk,United States,KWT,60.790298461899994,-161.444000244,0.0,KWT,0.0,337.81010657086927
789,7096,Kwigillingok Airport,Kwigillingok,United States,KWK,59.876499,-163.169005,18242.0,KWK,54.0,337.81010657086927
790,7097,Marshall Don Hunter Sr Airport,Marshall,United States,MLL,61.8642997742,-162.026000977,23820.0,MLL,23.0,337.81010657086927
791,7098,Russian Mission Airport,Russian Mission,United States,RSH,61.7788848877,-161.319458008,26012.0,RSH,77.0,337.81010657086927
794,7105,Chalkyitsik Airport,Chalkyitsik,United States,CIK,66.6449966431,-143.74000549299998,10473.0,CIK,31.0,337.81010657086927
796,7107,Hughes Airport,Hughes,United States,HUS,66.04109955,-154.26300049999998,7095.0,HUS,21.0,337.81010657086927
797,7108,Huslia Airport,Huslia,United States,HSL,65.69789886,-156.3509979,10473.0,HSL,31.0,337.81010657086927
798,7111,Nulato Airport,Nulato,United States,NUL,64.729301,-158.074005,18242.0,NUL,54.0,337.81010657086927
799,7114,Venetie Airport,Venetie,United States,VEE,67.0086975098,-146.365997314,23985.0,VEE,71.0,337.81010657086927
802,7117,Shungnak Airport,Shungnak,United States,SHG,66.88809967041,-157.16200256348,16891.0,SHG,50.0,337.81010657086927
805,7122,Merced Regional Macready Field,Merced,United States,MCE,37.28469849,-120.5139999,82436.0,MCE,62.0,337.81010657086927
808,7136,Elfin Cove Seaplane Base,Elfin Cove,United States,ELV,58.1952018738,-136.347000122,3041.0,ELV,9.0,337.81010657086927
810,7142,Hoonah Airport,Hoonah,United States,HNH,58.0961,-135.410111,37835.0,HNH,112.0,337.81010657086927
811,7146,Metlakatla Seaplane Base,Metakatla,United States,MTM,55.131001,-131.578003,52699.0,MTM,156.0,337.81010657086927
812,7148,Hydaburg Seaplane Base,Hydaburg,United States,HYG,55.206298828125,-132.8280029296875,4054.0,HYG,12.0,337.81010657086927
813,7154,Egegik Airport,Egegik,United States,EGX,58.1855010986,-157.375,7770.0,EGX,23.0,337.81010657086927
817,7160,Akhiok Airport,Akhiok,United States,AKK,56.9387016296,-154.182998657,4730.0,AKK,14.0,337.81010657086927
820,7177,Ambler Airport,Ambler,United States,ABL,67.1063,-157.856989,6505.0,ABL,100.0,337.81010657086927
821,7178,Buckland Airport,Buckland,United States,BKC,65.9815979004,-161.149002075,33782.0,BKC,100.0,337.81010657086927
822,7179,Bob Baker Memorial Airport,Kiana,United States,IAN,66.9759979248,-160.43699646,33782.0,IAN,100.0,337.81010657086927
823,7180,Kobuk Airport,Kobuk,United States,OBU,66.9123001099,-156.897003174,16891.0,OBU,50.0,337.81010657086927
824,7181,Robert (Bob) Curtis Memorial Airport,Noorvik,United States,ORV,66.81790161,-161.01899719999997,33782.0,ORV,100.0,337.81010657086927
825,7182,Selawik Airport,Selawik,United States,WLK,66.60009766,-159.98599240000001,33782.0,WLK,100.0,337.81010657086927
826,7183,Brevig Mission Airport,Brevig Mission,United States,KTS,65.3312988281,-166.46600341799999,16891.0,KTS,50.0,337.81010657086927
827,7184,Elim Airport,Elim,United States,ELI,64.61470032,-162.2720032,3727.0,ELI,75.0,337.81010657086927
828,7185,Golovin Airport,Golovin,United States,GLV,64.5504989624,-163.007003784,25336.0,GLV,75.0,337.81010657086927
829,7186,Teller Airport,Teller,United States,TLA,65.2404022217,-166.339004517,25336.0,TLA,75.0,337.81010657086927
830,7187,Wales Airport,Wales,United States,WAA,65.62259300000001,-168.095,23985.0,WAA,71.0,337.81010657086927
831,7188,White Mountain Airport,White Mountain,United States,WMO,64.689201355,-163.412994385,33782.0,WMO,100.0,337.81010657086927
832,7190,Koyuk Alfred Adams Airport,Koyuk,United States,KKA,64.9394989014,-161.154006958,42902.0,KKA,127.0,337.81010657086927
833,7191,St Michael Airport,St. Michael,United States,SMK,63.49010086,-162.1100006,16891.0,SMK,50.0,337.81010657086927
834,7192,Shaktoolik Airport,Shaktoolik,United States,SKK,64.37110138,-161.223999,68914.0,SKK,204.0,337.81010657086927
835,7194,Tin City Long Range Radar Station Airport,Tin City,United States,TNC,65.56310272,-167.9219971,0.0,TNC,0.0,337.81010657086927
840,7201,Kipnuk Airport,Kipnuk,United States,KPN,59.9329986572,-164.031005859,27363.0,KPN,81.0,337.81010657086927
844,7205,Klawock Airport,Klawock,United States,KLW,55.5792007446,-133.076004028,97965.0,KLW,290.0,337.81010657086927
845,7206,Quinhagak Airport,Quinhagak,United States,KWN,59.7551,-161.845,18242.0,KWN,54.0,337.81010657086927
847,7208,Koyukuk Airport,Koyukuk,United States,KYU,64.8760986328,-157.727005005,10473.0,KYU,31.0,337.81010657086927
848,7209,Scammon Bay Airport,Scammon Bay,United States,SCM,61.84529876710001,-165.570999146,9121.0,SCM,27.0,337.81010657086927
850,7213,Kongiganak Airport,Kongiganak,United States,KKH,59.9608001709,-162.88099670399998,18242.0,KKH,54.0,337.81010657086927
851,7214,Nikolai Airport,Nikolai,United States,NIB,63.0186,-154.358002,3379.0,NIB,10.0,337.81010657086927
853,7220,Wainwright Airport,Wainwright,United States,AIN,70.6380004883,-159.994995117,18242.0,AIN,54.0,337.81010657086927
858,7245,Minchumina Airport,Lake Minchumina,United States,LMA,63.88600200000001,-152.30200200000004,3041.0,LMA,9.0,337.81010657086927
870,7579,Provo Municipal Airport,Provo,United States,PVU,40.219200134277,-111.72299957275,115264.0,PVU,44.0,337.81010657086927
896,7669,Northwest Florida Beaches International Airport,Panama City,United States,ECP,30.357105999999998,-85.79541400000002,38286.0,ECP,635.0,337.81010657086927
970,8200,Toksook Bay Airport,Toksook Bay,United States,OOK,60.54140091,-165.0870056,0.0,OOK,0.0,337.81010657086927
994,8314,Hilton Head Airport,Hilton Head Island,United States,HHH,32.2243995667,-80.6975021362,40512.0,HHH,198.0,337.81010657086927
1112,9543,Ogden Hinckley Airport,Ogden,United States,OGD,41.195899963379,-112.0120010376,85444.0,OGD,7.0,337.81010657086927
1115,9739,Napakiak Airport,Napakiak,United States,WNA,60.69029998779297,-161.97900390625,18242.0,WNA,54.0,337.81010657086927
1116,9744,Napaskiak Airport,Napaskiak,United States,PKA,60.70289993,-161.7779999,18242.0,PKA,54.0,337.81010657086927
